ward,count,Mean Leukocytes
Not Admitted,5474,-0.08020214270629414
Regular,79,-0.3154584168745526
Semi-Intensive,50,0.5050151151205812
Intensive,41,1.2076403650230374
